<?xml version="1.0" encoding="UTF-8"?>
<description xmlns="http://openoffice.org/extensions/description/2006" xmlns:d="http://openoffice.org/extensions/description/2006"  xmlns:xlink="http://www.w3.org/1999/xlink">


    <!-- SHOULD OR MUST BE PROVIDED ENTRIES FOLLOWING... -->

    <version value="0.98.2" />

    <!--A unique identifier for your extension.
        In order to avoid name clashes with other extensions it should probably hold
        your company name or your full name along with the name of the extension in a form like
            MyFirstName.MyLastName.DictionayName
        or  www.MyWebpage.net.DictionayName
        Or  you may use the project name of your submitted extension to start with...
        For the very same reason they should NOT start with 'org.openoffice'.
        When choosing the identifier keep in mind that others may provide a dictionary for that
        very same language as well and even then your identifier still needs to be unique!
    -->
    <identifier value="ferheng.org.ku-TR.spelling.dictionary" />

    <display-name>
        <name lang="en">Kurdish (Turkey) spell check dictionary</name>
        <name lang="de">Kurdisch (Türkei) Rechtschreibprüfung</name>
        <name lang="ku">Ferhenga rastnivîsa kurdî (kurmancî)</name>
        <name lang="tr">Kürtçe (Türkiye) imla sözlüğü</name>
    </display-name>

    <platform value="all" />
    
    <dependencies>
        <OpenOffice.org-minimal-version value="3.0" d:name="OpenOffice.org 3.0" />
    </dependencies>

   <publisher>
        <name xlink:href="http://ferheng.org" lang="ku">Projeya Ferheng.org</name>
    </publisher>
    
    <icon>
       <default xlink:href="ferheng.org.png" />
    </icon>



    <!-- MORE OPTIONAL LIKE ENTRIES FOLLOWING (may easily be omitted, uncommented by default)... -->


    <!--If you uploaded your extension to the repository (which should be the default!) 
        you do not need to have this one.
    <update-information>
        <src xlink:href="http://extensions.openoffice.org/testarea/desktop/license/update/lic3.update.xml" />
    </update-information>
    -->
    
    <!--Check if this is already generated by repository.
        Otherwise you may like to provide it manually.
    <publisher>
        <name xlink:href="http://extensions.openoffice.org/testarea/desktop/publisher/publisher_en.html" lang="en">My dictionary extension (en)</name>
        <name xlink:href="http://extensions.openoffice.org/testarea/desktop/publisher/publisher_fr.html" lang="fr">My dictionary extension (fr)</name>
    </publisher>
    -->

    <!--This link will be generated by repository. Check if this already works for multiple languages. 
        If not you may provide it manually if you like.         
    <release-notes>
        <src xlink:href="http://extensions.openoffice.org/testarea/desktop/publisher/release-notes_en.txt" lang="en" />
        <src xlink:href="http://extensions.openoffice.org/testarea/desktop/publisher/release-notes_fr.txt" lang="fr" />
    </release-notes>
    -->
      
</description>

