<?xml version="1.0" encoding="UTF-8"?>
<description xmlns="http://openoffice.org/extensions/description/2006" xmlns:d="http://openoffice.org/extensions/description/2006"  xmlns:xlink="http://www.w3.org/1999/xlink">

    <version value="2010.02.09" />

    <!--A unique identifier for your extension... -->
    <identifier value="org.openoffice.sk.dictionary" />

    <!--A name for the extension to be used in the UI... -->
    <display-name>
        <name lang="en">Slovak spell check dictionary, hyphenation rules and thesaurus</name>
        <name lang="sk">Slovenský slovník pre kontrolu pravopisu (preklepov), delenie slov a slovník synoným</name>
        <name lang="cs">Slovenský slovník pre kontrolu pravopisu (preklepov), delenie slov a slovník synoným</name>
    </display-name>

    <icon>
        <default xlink:href="iconsk3.png" />
        <!-- created by Svato <poznanie.sk (at) gmail.com> -->
    </icon>

    <!--Dictionaries should work with all platforms...-->
    <platform value="all" />
    
    <!--A minimal OpenOffice.org version the extension requires to be used with.
        For dictionary extensions that will be 'OpenOffice.org 3.0'
    -->
    <dependencies>
        <OpenOffice.org-minimal-version value="3.0" d:name="OpenOffice.org 3.0" />
    </dependencies>

    <!-- MORE OPTIONAL LIKE ENTRIES FOLLOWING (may easily be omitted, out-commented by default)... -->

    <update-website>
     <src xlink:href="http://extensions.services.openoffice.org/project/dict-sk" />
    </update-website>
    
    <!--Check if this is already generated by repository.
        Otherwise you may like to provide it manually.    -->
    <publisher>
        <name xlink:href="http://sk-spell.sk.cx" lang="sk">sk-spell</name>
    </publisher>

    <release-notes>
        <src xlink:href="release_en.txt" lang="en" />
        <src xlink:href="release_sk.txt" lang="sk" />
            <src xlink:href="release_sk.txt" lang="cs" />
    </release-notes>
     
</description>
