<?xml version="1.0" encoding="UTF-8"?>
<description xmlns="http://openoffice.org/extensions/description/2006" xmlns:d="http://openoffice.org/extensions/description/2006"  xmlns:xlink="http://www.w3.org/1999/xlink">
    <!-- Fitxer basat en la versió francesa. S'ha de depurar. JMo, 06.jul.08 -->
    <!-- SHOULD OR MUST BE PROVIDED ENTRIES FOLLOWING... -->

    <!-- Here you can state the license text to be displayed during installation.
        You can provide more than one localized version if you like.
        If no matching locale was found the first one will be displayed.
        !!! Don't change the values for 'accept-by' or 'suppress-on-update' it  !!!
        !!! might be troublesome in multi-user installations if no shared-layer !!!
        !!! installation can be done.
    <registration>
        <simple-license accept-by="admin" suppress-on-update="false" >
            <license-text xlink:href="LICENSES-en.txt" lang="en" />
            <license-text xlink:href="LLICENCIES-ca.txt" lang="ca" />
        </simple-license>
    </registration>                                                             !!! -->

    <!-- The version of your extension. NOT the one of OpenOffice.org...
         It will also be used to automatically check if there are updates for this
         extension available. Newer versions should have higher values. -->
    <version value="2010.01.22" />

    <!-- A unique identifier for your extension.
        In order to avoid name clashes with other extensions it should probably hold
        your company name or your full name along with the name of the extension in a form like
            MyFirstName.MyLastName.DictionayName
        or  www.MyWebpage.net.DictionayName
        Or  you may use the project name of your submitted extension to start with...
        For the very same reason they should NOT start with 'org.openoffice'.
        When choosing the identifier keep in mind that others may provide a dictionary for that
        very same language as well and even then your identifier still needs to be unique! -->
    <identifier value="softcatala.catalan.general.dictionaries.by.joan.moratinos" />

    <!-- A name for the extension to be used in the UI.
        For dictionaries it should show the locales supported
        and the purpose spell checking and/or hyphenation and/or thesaurus.
        The display name can be localized and there should be at least one
        entry for each language it implements and one default English entry.
        The default entry is the one listed first. -->
    <display-name>
        <name lang="en">Spelling and hyphenation dictionaries and Thesaurus for Catalan language (general)</name>
        <name lang="ca">Diccionari ortogràfic per a la llengua catalana (general)</name>
    </display-name>

    <!-- Dictionaries should work with all platforms... -->
    <platform value="all" />

    <!-- A minimal OpenOffice.org version the extension requires to be used with.
         For dictionary extensions that will be 'OpenOffice.org 3.0' -->
    <dependencies>
        <OpenOffice.org-minimal-version value="3.0" d:name="OpenOffice.org 3.0" />
    </dependencies>


    <!-- MORE OPTIONAL LIKE ENTRIES FOLLOWING (may easily be omitted, uncommented by default)... -->

    <!-- If you uploaded your extension to the repository (which should be the default!)
         you do not need to have this one.
    <update-information>
        <src xlink:href="http://extensions.openoffice.org/testarea/desktop/license/update/lic3.update.xml" />
    </update-information> -->

    <publisher>
        <name xlink:href="http://www.softcatala.org" lang="ca">Softcatalà</name>
    </publisher>


</description>
