<?xml version="1.0" encoding="UTF-8"?>
<description xmlns="http://openoffice.org/extensions/description/2006" xmlns:d="http://openoffice.org/extensions/description/2006"  xmlns:xlink="http://www.w3.org/1999/xlink">
    <version value="2010.08.13" />
    <identifier value="German.frami2006AT.dictionary.from.org.openoffice.de.by.Karl.Zeiler" />
    <display-name>
        <name lang="en">German (AT-frami) spelling, hyphenation, thesaurus</name>
        <name lang="de">Deutsche (AT-frami) Rechtschreibung, Trennung, Thesaurus</name>
    </display-name>
    <platform value="all" />
    <dependencies>
        <OpenOffice.org-minimal-version value="3.0" d:name="OpenOffice.org 3.0" />
    </dependencies>
</description>
