<?xml version="1.0" encoding="UTF-8"?>
<description xmlns="http://openoffice.org/extensions/description/2006" xmlns:d="http://openoffice.org/extensions/description/2006"  xmlns:xlink="http://www.w3.org/1999/xlink">
    <version value="2010.01.22" />
    <identifier value="org.openoffice.sr.dictionaries.sr" />
    <display-name>
        <name lang="en">Serbian spelling and hyphenation dictionaries</name>
        <name lang="sr">Провера писања и хифенација (ћир, лат)</name>
        <name lang="sh">Provera pisanja i hifenacija (lat, ćir)</name>
    </display-name>
    <platform value="all" />
    <dependencies>
        <OpenOffice.org-minimal-version value="3.0" d:name="OpenOffice.org 3.0"/>
    </dependencies>
</description>
