<?xml version="1.0" encoding="UTF-8"?>
<description xmlns="http://openoffice.org/extensions/description/2006" xmlns:d="http://openoffice.org/extensions/description/2006"  xmlns:xlink="http://www.w3.org/1999/xlink">

    <!--Here you can state the license text to be displayed during installation.
        You can provide more than one localized version if you like.
        If no matching locale was found the first one will be displayed.
        !!! Don't change the values for 'accept-by' or 'suppress-on-update' it  !!!
        !!! might be troublesome in multi-user installations if no shared-layer !!!
        !!! installation can be done.                                           
    <registration>
        <simple-license accept-by="admin" suppress-on-update="true" >
            <license-text xlink:href="README_sl_SI.txt" lang="sl-SI" license-id="sl-SI" />
            <license-text xlink:href="README_hyph_sl_SI.txt" lang="sl-SI" license-id="sl-SI" />
            <license-text xlink:href="README_th_sl_SI.txt" lang="sl-SI" license-id="sl-SI" />
        </simple-license>
    </registration>!!!    -->

    <version value="2010.03.20" />

    <identifier value="org.openoffice.sl.hunspell.dictionaries" />

    <display-name>
        <name lang="en">Slovenian dictionary pack</name>
        <name lang="sl">Paket slovenskih slovarjev</name>
    </display-name>

    <platform value="all" />

    <dependencies>
        <OpenOffice.org-minimal-version value="3.0" d:name="OpenOffice.org 3.0" />
    </dependencies>

   <extension-description>
        <src xlink:href="desc_sl_SI.txt" lang="sl" />
        <src xlink:href="desc_en_US.txt" lang="en" />
    </extension-description>
    <publisher>
        <name xlink:href="http://sl.openoffice.org/" lang="sl">sl.openoffice.org</name>
        <name xlink:href="http://sl.openoffice.org/" lang="en">sl.openoffice.org</name>
    </publisher>

 <!--This link will be generated by repository. Check if this already works for multiple languages. 
        If not you may provide it manually if you like.         
    <release-notes>
        <src xlink:href="http://extensions.openoffice.org/testarea/desktop/publisher/release-notes_en.txt" lang="en" />
        <src xlink:href="http://extensions.openoffice.org/testarea/desktop/publisher/release-notes_fr.txt" lang="fr" />
    </release-notes>
    -->
</description>
