<?xml version="1.0" encoding="UTF-8"?>

<description xmlns="http://openoffice.org/extensions/description/2006" xmlns:d="http://openoffice.org/extensions/description/2006"  xmlns:xlink="http://www.w3.org/1999/xlink">

    <version value="1.42" />

    <identifier value="sv.dsso.dicts.ooo" />

    <display-name>
    <name lang="en">Swedish Dictionary</name>
    <name lang="sv">Svensk ordlista</name>
    </display-name>

    <platform value="all" />

    <dependencies>
        <OpenOffice.org-minimal-version value="3.0" d:name="OpenOffice.org 3.0" />
    </dependencies>

    <publisher>
        <name xlink:href="http://www.dsso.se/" lang="sv">Den stora svenska ordlistan</name>
    </publisher>

</description>
